,Wind Speed,Vehicle Speed
0,1,12.7749405
1,2,12.347022
2,3,11.402314
3,4,10.459266
4,5,9.426579
5,6,8.371669
6,7,7.395285
7,8,6.42742
8,9,5.391089
9,10,4.3396263
10,11,3.3522904
11,12,2.3481166
12,13,1.2851598
13,14,0.29754955
14,15,-0.027321713
